ADID,CreativeUrl,Currency Code,Spend,Impressions,StartDate,EndDate,OrganizationName,BillingAddress,CandidateBallotInformation,PayingAdvertiserName,CommitteeName,CommitteeIdentificationNumber,DisclosureNameOfCommittee,AdvertisingJurisdiction,Gender,AgeBracket,CountryCode,Regions (Included),Regions (Excluded),Electoral Districts (Included),Electoral Districts (Excluded),Radius Targeting (Included),Radius Targeting (Excluded),Metros (Included),Metros (Excluded),Postal Codes (Included),Postal Codes (Excluded),Location Categories (Included),Location Categories (Excluded),Interests,OsType,Segments,Language,AdvancedDemographics,Targeting Connection Type,Targeting Carrier (ISP),CreativeProperties
7c33e259b6894036e820c143333914f349b326a3d6bbab856afddb410f868acc,https://www.snap.com/political-ads/asset/dead0991a8116846bfa25673863ce2544ae74c504a313e5727dec90382e728e9?mediaType=png,USD,0,100,2019/03/05 10:36:33Z,2019/03/09 10:36:13Z,moalshehab2019,KW,,Moayyed AL-Shehab,,,,,,18+,kuwait,,,,,latitude 29.35416788363119;longitude 47.98954955852864;radius 1.0,,,,,,,,"Adventure Seekers,Arts & Culture Mavens,Automotive Enthusiasts,Basketball Fans,Beachgoers & Surfers,Beauty Mavens,Bookworms & Avid Readers,Business News Watchers,Candy & Sweets Lovers,Mobile Gamers,Celebrity News Watchers,Chat Fiction Enthusiasts,Clubbers & Party People,Coffee Lovers,Collegiates,Comedy Fans,Comics & Animation Fans,Concert & Festival Goers,Console & PC Gamers,Cooking Enthusiasts,Cordcutters,Dance & Electronic Music Fans,Do-It-Yourselfers,Family Genre Fans,Fashion & Style Gurus,Fast Food Junkies,Fight & Wrestling Fans,Film & TV Fans,Fitness Enthusiasts,Foodies,Frequent Travelers,Fun Trivia & Quiz Fanatics,Gamers,Hipsters & Trendsetters,Home Decoristas,Investors & Entrepreneurs,Luxury Shoppers,Math & Science Enthusiasts,Meme Watchers,Men's Lifestyle,Motor Sports Fans,Music Fans,New Phone Seekers,News Watchers,Olympics Enthusiasts,Online Shoppers,Outdoor & Nature Enthusiasts,Parents & Family-Focused,Pet & Animal Lovers,Philanthropists,Photographers,Political News Watchers,Pop Music Fans,Reality TV Fans,Sci-fi & Fantasy Fans,Sharp-Dressed Men,Shoppers,Sneakerheads,Snow Sport Enthusiasts,Soccer Enthusiasts,Sports Fans,Street Sport Enthusiasts,Superhero Film Fans,Talent & Competition Show Fans,Talk Show Fans,Techies & Gadget Fans,Teen & Young Adult Genre Fans,Tennis & Racquet Enthusiasts,Travel Enthusiasts,Hip-Hop Music Fans,Wellness & Healthy Lifestyle,Women's Lifestyle",,Provided by Advertiser,,,,,
89ad3802e9bc348b7731d48c8970101003e4ddc2c1ee3d2ea8a6119e31932a3c,https://www.snap.com/political-ads/asset/5da8baa00ea18e6a84d0bf6f7f8df82ec3c3047c5dc791b183358b32674fbbbc?mediaType=png,USD,180,305569,2019/02/13 08:00:00Z,2019/02/17 17:53:45Z,Flater_q8,"Hateen,Hawally ,00965,KW",,khaled aayed alanezi,,,,,,21+,kuwait,"Al Farwaniyah,Al Kuwayt,Al Jahrah,Hawalli",,,,,,,,,,,,,,Provided by Advertiser,"ar,en",,,,
38091f027e79349a6a1a1fb4ba5c8b1bbab9a7d34fb1b3ca568135315f761ee7,https://www.snap.com/political-ads/asset/213a149c346820f3a12082982dafa7c2afd33981e7c8d747cc729b214c1ff7b7?mediaType=png,USD,483,77849,2019/11/18 20:00:00Z,2019/11/19 19:59:59Z,Sharjah Broadcasting Authority,"sharjah,sharjah,00971,AE",,Sharjah Goverment - UAE,,,,,,,united arab emirates,"Sharjah,Ajman,Dubai",,,,,,,,,,,,,,Provided by Advertiser,,,,,
47e821f21440408bce2e8a86d01bdaa6615834334e8aabb4e8d4a83cfef0d37d,https://www.snap.com/political-ads/asset/c813083564b1fc94f0199e38c5c4eac6a9660233b43df8f60a99402fa493af84?mediaType=png,CAD,382,147624,2019/06/04 21:25:55Z,2019/08/08 06:59:59Z,The Aber Group,"608-120 Eglinton Avenue East,Toronto,M4P1E2,CA",,Plan International Canada,,,,,FEMALE,21-34,canada,,,,,,,,,,,,,"Advocates & Activists,Beauty Mavens,Fashion & Style Gurus,Parents & Family-Focused,Philanthropists,Women's Lifestyle",,,en,,,,
56fb089e7f7ad7fed2a208500010623ab5888caa38d9dbd7a4c4d74d30d0fe13,https://www.snap.com/political-ads/asset/1aaed2599ab74056acb2063b87bfa322e3a8074e24631bcc07fc34bc4c625886?mediaType=png,USD,34,9000,2019/05/18 04:00:00Z,2019/05/19 04:00:00Z,Southern Environmental Law Center,US,,SELC,,,,,,,united states,,,,,,,,,"31328,28461,28465,28468,27960,28449,28480,28403,28405,27959,28469,28512,28594,28462,29915,29926,29928,29412,29439,29585,29438,29572,29582,23605,23651,23661,23663,23664,23665,23666,23669,23451,23452,23453,23454,23455,23456,23457,23459,23460,23461,23462,23464,23502,23503,23504,23505,23507,23508,23509,23510,23511,23513,23517,23518,23523,23551,23089",,,,"Adventure Seekers,Advocates & Activists,Green Living Enthusiasts,Outdoor & Nature Enthusiasts,Philanthropists,Eco-Conscious Shoppers,Outdoor Sports Gear Shoppers,TV Network Viewers (MSNBC),plc_418,plc_423",,Provided by Advertiser,,,,,
90b3a16db4990942db1a851ca6ad825df693ad8171f4477763b39ac7fc51aec8,https://www.snap.com/political-ads/asset/c620686ec19f1c5d58ad7caea46f863a2a41a0cdcd88d526d7a56eea792126cb?mediaType=png,EUR,593,49171,2019/12/03 11:20:28Z,2019/12/10 11:20:28Z,Digital Opptur,"Edvard Storms gate 2,OSLO,0166,NO",Julegryta,Frelsesarmeen,,,,,,35+,norway,,,,,,,,,,,,,,,Provided by Advertiser,,,,,
b194cf8947d4e72ea1e85a0173b0aedcadd6675881f6f75d5fee9e8528ab2d56,https://www.snap.com/political-ads/asset/0c2bdc46c8d11a7c9c82ee12c48d3bd5463be3cecbbaa03f286e918ea91d8a40?mediaType=png,USD,53,18729,2019/05/18 04:00:00Z,2019/05/19 04:00:00Z,Southern Environmental Law Center,US,,SELC,,,,,,,united states,,,,,,,,,"31328,28461,28465,28468,27960,28449,28480,28403,28405,27959,28469,28512,28594,28462,29915,29926,29928,29412,29439,29585,29438,29572,29582,23605,23651,23661,23663,23664,23665,23666,23669,23451,23452,23453,23454,23455,23456,23457,23459,23460,23461,23462,23464,23502,23503,23504,23505,23507,23508,23509,23510,23511,23513,23517,23518,23523,23551,23089",,,,"Adventure Seekers,Advocates & Activists,Green Living Enthusiasts,Outdoor & Nature Enthusiasts,Philanthropists,Eco-Conscious Shoppers,Outdoor Sports Gear Shoppers,TV Network Viewers (MSNBC),plc_418,plc_423",,Provided by Advertiser,,,,,
69af07372ff836ab15360e9df6a0ad3e9cd44a7834e0f452747bda9211832de8,https://www.snap.com/political-ads/asset/98acdf8796e2300be8fb1fc7acae6cf32b39c389129442037cddde2a2b6248e0?mediaType=png,USD,158,15521,2019/09/19 17:56:37Z,,UnRestrict Minnesota,"200 University Ave W #200,St. Paul,55103,US",,UnRestrict Minnesota,,,,,,18+,united states,Minnesota,,,,,,,,,,,,"Green Living Enthusiasts,Hipsters & Trendsetters,Political News Watchers,Wellness & Healthy Lifestyle,Eco-Conscious Shoppers,TV Network Viewers (BBC America),TV Network Viewers (CNN),TV Network Viewers (Comedy Central),TV Network Viewers (MSNBC)",,Provided by Advertiser,,,,,
8bc15f7310c58c9f1972f8181101ae87af0ea7a6899219635e0350730c2c30e0,https://www.snap.com/political-ads/asset/10e7d4d068b452bdf430bf3e12604d7d88ac9128568569d5d5c9ce84c7cef802?mediaType=png,CAD,130,14600,2019/06/04 21:25:55Z,2019/08/08 06:59:59Z,The Aber Group,"608-120 Eglinton Avenue East,Toronto,M4P1E2,CA",,Plan International Canada,,,,,FEMALE,21+,canada,,,,,,,,,,,,,"Advocates & Activists,Beauty Mavens,Fashion & Style Gurus,Fun Trivia & Quiz Fanatics,Green Living Enthusiasts,Hipsters & Trendsetters,News Watchers,Women's Lifestyle",,,en,,,,
b16efc44dee3bba2d17941c5a4cb3aef471ca2d1bb92a2292e1b59f38b283fe0,https://www.snap.com/political-ads/asset/d970d04f85a783fea6ea3cef7ddef97255d5afe9c34361dfb36029f4daf2801b?mediaType=mp4,USD,287043,6350206,2019/10/01 15:00:00Z,2019/12/04 05:59:00Z,General Mills,"P.O. Box 4614 Grand Central Station,New York,10163,US",,general mills,,,,,,25-,united states,,,,,,,,,,,,,,,Provided by Advertiser,en,,,,web_view_url:https://snap.jebbit.com/ogxqnpuj?L=Snapchat&JC=v2
77d72d6eda7244185e6249f5f6ea240c3d36e0d2fc37f2a7a47eca57c75fa362,https://www.snap.com/political-ads/asset/e0d0047c65ff93c8976b1ca942739feeb628ebede810e03194288226ed0ae137?mediaType=png,CAD,233,64896,2019/06/04 21:25:55Z,2019/08/08 06:59:59Z,The Aber Group,"608-120 Eglinton Avenue East,Toronto,M4P1E2,CA",,Plan International Canada,,,,,FEMALE,21-34,canada,,,,,,,,,,,,,"Advocates & Activists,Beauty Mavens,Fashion & Style Gurus,Parents & Family-Focused,Philanthropists,Women's Lifestyle",,,en,,,,
fd3d56d1c4a695f097b8c6c022ca358552532f4b9b96c2241ecc277b407b4e5d,https://www.snap.com/political-ads/asset/e0d0047c65ff93c8976b1ca942739feeb628ebede810e03194288226ed0ae137?mediaType=png,CAD,1357,719018,2019/06/04 21:25:55Z,2019/08/08 06:59:59Z,The Aber Group,"608-120 Eglinton Avenue East,Toronto,M4P1E2,CA",,Plan International Canada,,,,,MALE,18+,canada,,,,,,,,,,,,,"Advocates & Activists,Men's Lifestyle,Music Fans,News Watchers,Sports Fans",,,en,,,,
5dbbcffe8c9b8bcdedc52082712b9e6901bc645ef3ee734f34a6871effc23922,https://www.snap.com/political-ads/asset/925cff6080b416cf52c7593fca5e0d965ce17b0c775d35d2e90bb5f71d2469bf?mediaType=png,USD,51,1409,2019/02/15 14:18:38Z,2019/02/27 00:00:00Z,Central States Media,"2006 W Altorfer Dr,Peoria,61615,US",,Friends of Sid Ruckriegel,,,,,,25+,united states,,,,,,,,,"61614,61615,61604",,,,,,Provided by Advertiser,,,,,
3a9a849f47c5a5d41d218c8f1f833204062934ef332a2fa598669670ec29a104,https://www.snap.com/political-ads/asset/77bd01f3deb09abd025311670b43b6be68223e086efa1981aa480e8a790df561?mediaType=png,USD,26,654,2019/11/29 08:00:01Z,2019/11/30 04:59:59Z,Mediavest Spark,"375 Hudson Street     Attn: Mailroom,New York,10014,US",,"Recreational Equipment, Inc.",,,,,,18+,united states,,,,,latitude 40.61698;longitude -73.824862;radius 2.2,,,,,,,,,,Provided by Advertiser,,,,,
750b0ba011def8719fd4a7f2299f08da14db9d108d51a7768890b2c996ab7622,https://www.snap.com/political-ads/asset/fa5e71ed3b60c5e03ba4d7901b308ed0a60c2813aac0ad9d8724d0250bdbe007?mediaType=png,USD,896,27295,2019/09/12 17:41:08Z,2019/11/21 04:59:59Z,FP1 Strategies,"3001 Washington Blvd,Arlington,22201,US",,P4AHCF,,,,,,21+,united states,,,,,"latitude 38.895;longitude -77.0366;radius 20.0,latitude 39.952288;longitude -75.166277;radius 1.0,latitude 40.743025;longitude -74.169139;radius 1.0,latitude 46.590645;longitude -112.03888;radius 1.0,latitude 41.675165;longitude -86.234911;radius 1.0,latitude 39.121345;longitude -77.23811;radius 1.0,latitude 42.732249;longitude -73.689799;radius 1.0,latitude 41.011531;longitude -73.842077;radius 1.0,latitude 39.274659;longitude -76.616257;radius 1.0,latitude 33.701135;longitude -84.432792;radius 10.0",,,,,,,,,,Provided by Advertiser,en,,,,
9da396f2f93f80660006d9f3743b187ac7d19b2734d37c8be46946348e5c7fab,https://www.snap.com/political-ads/asset/2299731859805d87358e09cacae235202144f0bd4c66c3245681a66484fcaca2?mediaType=png,USD,1080,104335,2019/09/01 05:00:00Z,2019/09/30 21:00:00Z,Red Media AS,"Pilestredet 27,OSLO,0164,NO",,OBOS,,,,,,20+,norway,,,,,,,,,,,,,,,,,,,,
2b4ce1f70c8b1dea3e9df5b818c52b5acb2e4f47d08c221e0b30b1025380d2ea,https://www.snap.com/political-ads/asset/443dd272e242af3f259d24b780d0bb801b888771e6ff8c37c720697d7548cf8c?mediaType=mp4,USD,277021,6759565,2019/10/01 15:00:00Z,2019/12/04 05:59:00Z,General Mills,"P.O. Box 4614 Grand Central Station,New York,10163,US",,general mills,,,,,,25-,united states,,,,,,,,,,,,,,,Provided by Advertiser,en,,,,web_view_url:https://snap.jebbit.com/ogxqnpuj?L=Snapchat&JC=v9
870359db31c1bf682245f75c96eae96663ae9a829bda9ca64795bf0c11a3120a,https://www.snap.com/political-ads/asset/5da8baa00ea18e6a84d0bf6f7f8df82ec3c3047c5dc791b183358b32674fbbbc?mediaType=png,USD,466,140524,2019/03/12 06:21:58Z,2019/03/17 14:21:58Z,Flater_q8,"Hateen,Hawally ,00965,KW",,Paid for by khaled alanezi,,,,,,17+,kuwait,"Al Kuwayt,Hawalli,Al Farwaniyah,Al Jahrah",,,,,,,,,,,,,,Provided by Advertiser,,,,,
ff528feac820c77104bb53e1cc6f442a22713d6696478dc00c37ccfe0105afda,https://www.snap.com/political-ads/asset/e0d0047c65ff93c8976b1ca942739feeb628ebede810e03194288226ed0ae137?mediaType=png,CAD,658,107093,2019/06/04 21:25:55Z,2019/08/08 06:59:59Z,The Aber Group,"608-120 Eglinton Avenue East,Toronto,M4P1E2,CA",,Plan International Canada,,,,,FEMALE,21+,canada,,,,,,,,,,,,,"Advocates & Activists,Beauty Mavens,Fashion & Style Gurus,Fun Trivia & Quiz Fanatics,Green Living Enthusiasts,Hipsters & Trendsetters,News Watchers,Women's Lifestyle",,,en,,,,
b8439c76b7c8ca24217003f8bdd9372aaa05dace17f4ba526366f537eae159dd,https://www.snap.com/political-ads/asset/85d4f35726d6e22ba32b2df4b08005dfa3eb78d3bdd11016771dfcb516e02c8d?mediaType=png,USD,0,146,2019/03/04 15:20:45Z,2019/03/05 18:20:22Z,moalshehab2019,KW,,Moayyed AL-Shehab,,,,,,18+,kuwait,,,,,"latitude 29.35444393434409;longitude 47.98931085319191;radius 1.0,latitude 29.354321811982828;longitude 47.98865662389679;radius 1.0,latitude 29.355963022983445;longitude 47.9890268140995;radius 1.0,latitude 29.354010364544507;longitude 47.98792292257593;radius 1.0,latitude 29.35382779300103;longitude 47.989471163187346;radius 1.0,latitude 29.35440680421945;longitude 47.99006229469478;radius 1.0",,,,,,,,"Adventure Seekers,Arts & Culture Mavens,Basketball Fans,Beachgoers & Surfers,Beauty Mavens,Bookworms & Avid Readers,Business News Watchers,Candy & Sweets Lovers,Mobile Gamers,Celebrity News Watchers,Chat Fiction Enthusiasts,Coffee Lovers,Collegiates,Comedy Fans,Comics & Animation Fans,Cooking Enthusiasts,Cordcutters,Family Genre Fans,Fashion & Style Gurus,Fast Food Junkies,Fight & Wrestling Fans,Film & TV Fans,Fitness Enthusiasts,Foodies,Frequent Travelers,Fun Trivia & Quiz Fanatics,Gamers,Hipsters & Trendsetters,Home Decoristas,Investors & Entrepreneurs,Luxury Shoppers,Math & Science Enthusiasts,Meme Watchers,Men's Lifestyle,Motor Sports Fans,Music Fans,New Phone Seekers,News Watchers,Online Shoppers,Outdoor & Nature Enthusiasts,Parents & Family-Focused,Pet & Animal Lovers,Philanthropists,Photographers,Pop Music Fans,Reality TV Fans,Sci-fi & Fantasy Fans,Shoppers,Sneakerheads,Snow Sport Enthusiasts,Soccer Enthusiasts,Sports Fans,Street Sport Enthusiasts,Superhero Film Fans,Talk Show Fans,Techies & Gadget Fans,Teen & Young Adult Genre Fans,Tennis & Racquet Enthusiasts,Travel Enthusiasts,Wellness & Healthy Lifestyle,Women's Lifestyle",,Provided by Advertiser,,,,,
8dbaa05023335bfb1661d3b79cb4c9ef420b6489f58c6671c8daf53ffb0830c6,https://www.snap.com/political-ads/asset/6d2565d9d04f659a1f2b729cda942086be6e7db829bd99d002b4cc9dfb0f60fc?mediaType=png,USD,287,49768,2019/09/19 17:56:37Z,,UnRestrict Minnesota,"200 University Ave W #200,St. Paul,55103,US",,UnRestrict Minnesota,,,,,,18+,united states,Minnesota,,,,,,,,,,,,,,,,,,,
cf177eb3d488404868d88b4c324544b1fb21117d6869a830d8f31215690bb4d9,https://www.snap.com/political-ads/asset/1da3675550b8cde52c591af8c4da23a4fadd3d7b45cb9e44ea213b7d4c07b0a0?mediaType=mp4,USD,289,9179,2019/06/27 15:00:00Z,2019/07/30 05:59:59Z,Arena Online,"1780 Sequoia Vista Cir,Salt Lake City,84104,US",,One Nation,,,,,,,united states,Florida,,,,,,,,,,,,,,Provided by Advertiser,,,,,
de8ebf09bd88805b9e7348a0bcc336d52c69519e1f9442d3ae1435f4809ee8a7,https://www.snap.com/political-ads/asset/5da8baa00ea18e6a84d0bf6f7f8df82ec3c3047c5dc791b183358b32674fbbbc?mediaType=png,USD,79,53861,2019/02/12 16:00:25Z,2019/02/19 05:00:57Z,Flater_q8,"Hateen,Hawally ,00965,KW",,khaled aayed alanezi,,,,,,20+,kuwait,"Al Kuwayt,Al Farwaniyah,Hawalli,Al Jahrah,Mubarak Al Kabir,Al Ahmadi",,,,,,,,,,,,,,Provided by Advertiser,"ar,en",,,,
8ad2c0b768366b0edff8043743c7408bc2625b80ce9132ee4a1834cee0252aa8,https://www.snap.com/political-ads/asset/5da8baa00ea18e6a84d0bf6f7f8df82ec3c3047c5dc791b183358b32674fbbbc?mediaType=png,USD,44,10672,2019/02/20 18:17:57Z,2019/02/27 18:17:57Z,Flater_q8,"Hateen,Hawally ,00965,KW",,Paid for by khaled  aayedalanezi,,,,,,19+,kuwait,"Al Kuwayt,Al Farwaniyah,Al Jahrah",,,,,,,,,,,,,,Provided by Advertiser,,,,,
be7b9880b008eed4e90d3bad9dc61cf3dacb5b804943419f51a73ce202e65c07,https://www.snap.com/political-ads/asset/50254134c7030bdb8f6aab4add7d9dee81cf233e5cfb5936c45d0df3f8a40c4f?mediaType=png,USD,14898,611747,2019/09/20 10:00:00Z,2019/09/21 06:59:59Z,Recreational Equipment Inc.,"PO BOX 1938,SUMNER,98390,US",,"Recreational Equipment, Inc.",,,,,,18+,united states,,,,,,,,,,,,,,,,en,,,,
d7fcaf8803d779bb81749b511151fdd2afd5cd6b4573e0a4e350c8dacac1f671,https://www.snap.com/political-ads/asset/6dd929993fb39625055c2c11966006114a025775252ea1bcc99ef54b72f03b0b?mediaType=png,USD,42,4375,2019/10/29 18:50:29Z,,UnRestrict Minnesota,"200 University Ave W #200,St. Paul,55103,US",,UnRestrict Minnesota,,,,,,18+,united states,,,,,latitude 44.9536175;longitude -93.10301799999999;radius 1.0,,,,,,,,,,Provided by Advertiser,,,,,
c14f377a36f7d6fa0b1b8b54428ecd32997f746f26e6a71c8160fbc893bab5e0,https://www.snap.com/political-ads/asset/5da8baa00ea18e6a84d0bf6f7f8df82ec3c3047c5dc791b183358b32674fbbbc?mediaType=png,USD,42,10342,2019/02/20 18:17:57Z,2019/02/27 18:17:57Z,Flater_q8,"Hateen,Hawally ,00965,KW",,Paid for by khaled  aayedalanezi,,,,,,19+,kuwait,"Al Kuwayt,Al Farwaniyah,Al Jahrah",,,,,,,,,,,,,,Provided by Advertiser,,,,,
b2839c21a485c6966fd56d35efce54499f0384cf9a4e3518e6712d73a877fbc2,https://www.snap.com/political-ads/asset/10e7d4d068b452bdf430bf3e12604d7d88ac9128568569d5d5c9ce84c7cef802?mediaType=png,CAD,359,196992,2019/06/04 21:25:55Z,2019/08/08 06:59:59Z,The Aber Group,"608-120 Eglinton Avenue East,Toronto,M4P1E2,CA",,Plan International Canada,,,,,MALE,18+,canada,,,,,,,,,,,,,"Advocates & Activists,Men's Lifestyle,Music Fans,News Watchers,Sports Fans",,,en,,,,
17e397bcafdb48d79d187b1cc4a7994efe499707aaf76ff914ded7a7aa55216b,https://www.snap.com/political-ads/asset/d234e4ed0e32e88c4261d4ce50316dbb8023c5d4e387bf80b687f829e1aa0138?mediaType=png,USD,247,15827,2019/03/11 11:00:00Z,2019/04/02 04:00:00Z,Central States Media,"2006 W Altorfer Dr,Peoria,61615,US",,Friends of Sid Ruckriegel,,,,,,21+,united states,,,,,,,,,"61603,61607,61630,61637,61650,61654,61612,61616,61633,61638,61651,61655,61601,61605,61613,61625,61634,61639,61652,61656,61602,61606,61629,61636,61643,61653,61525,61614,61615,61604",,,,,,Provided by Advertiser,,,,,
beff8cf24bc9ba0a38d828c2245bf2798f20fa5c5cd11ee12000d7eeb47b2f5a,https://www.snap.com/political-ads/asset/50254134c7030bdb8f6aab4add7d9dee81cf233e5cfb5936c45d0df3f8a40c4f?mediaType=png,USD,23362,1328586,2019/09/20 10:00:00Z,2019/09/21 06:59:59Z,Recreational Equipment Inc.,"PO BOX 1938,SUMNER,98390,US",,"Recreational Equipment, Inc.",,,,,,18+,united states,,,,,,,,,,,,,"Adventure Seekers,Advocates & Activists,Beachgoers & Surfers,Fitness Enthusiasts,Vegans & Organic Foodies,Green Living Enthusiasts,Outdoor & Nature Enthusiasts,Wellness & Healthy Lifestyle,Hybrid & Alternative Vehicle Shoppers,Eco-Conscious Shoppers,Outdoor Sports Gear Shoppers,Winter Sports Shoppers,plc_418,plc_423",,Provided by Advertiser,en,,,,
e14e4e15d8fb9b84f6e55d76c10e22b7197be477ef5f4c077c94b3a24d02bfba,https://www.snap.com/political-ads/asset/14190daa6740276686609d5bcf37044a0667955f0bbcfb4633d9f906573a1b04?mediaType=png,USD,165,16772,2019/09/19 17:56:37Z,,UnRestrict Minnesota,"200 University Ave W #200,St. Paul,55103,US",,UnRestrict Minnesota,,,,,,18+,united states,Minnesota,,,,,,,,,,,,"Green Living Enthusiasts,Hipsters & Trendsetters,Political News Watchers,Wellness & Healthy Lifestyle,Eco-Conscious Shoppers,TV Network Viewers (BBC America),TV Network Viewers (CNN),TV Network Viewers (Comedy Central),TV Network Viewers (MSNBC)",,Provided by Advertiser,,,,,
3162b4ad9ae1d985773b58eab15e8cf76bb81b6904f3b8e2381c6ea96a4835f0,https://www.snap.com/political-ads/asset/05bf3cb1704a467ddba21a7cea6653ce1d8aca489aa49e22133461121a6ea075?mediaType=png,USD,6,591,2019/08/19 06:00:00Z,2019/08/31 21:59:59Z,Red Media AS,"Pilestredet 27,OSLO,0164,NO",,OBOS,,,,,,20+,norway,,,,,,,,,,,,,,,Provided by Advertiser,,,,,
d3a42f0ec87c3a72e7c69161a40c783d53daec6cec10a02db7b3766d9d88990f,https://www.snap.com/political-ads/asset/0141952a1bc4537b39f999226d7c43241f9ebaac3f7eecbcfd2ff3c03951a6b8?mediaType=png,USD,6,3614,2019/05/04 13:00:08Z,2019/05/05 03:59:48Z,Putting Kentucky First,US,,Putting Kentucky First,,,,,,18+,united states,,,,,latitude 38.2542;longitude -85.7594;radius 62.0,,,,,,,,,,Provided by Advertiser,,,,,
503ec007e7bf13825558bc29bc5adacb23d463b4820c8e9e75a9545a6ab26492,https://www.snap.com/political-ads/asset/bdfec98c59ea1c5cb9a49fc62e4fe8f72ca67311f29ef18806b19690086dafd1?mediaType=png,USD,71,37745,2019/03/10 00:24:00Z,2019/03/16 00:23:09Z,مرشح الدائرة الثالثة : محمد طلال السعيد,KW,,Mohammed AlSaeed,,,,,,,kuwait,,,,,latitude 29.319626575758264;longitude 47.980930446193696;radius 4.87,,,,,,,,,,Provided by Advertiser,,,,,
aa7297acadb358d969158812176e7aec7532b2217450a993df64cd11eefb239f,https://www.snap.com/political-ads/asset/b03e09e9ae0c52b7365a25aaa83dcca79ca99684ce9792160a45741fd966c3d1?mediaType=png,USD,119,19714,2019/02/11 15:00:00Z,2019/02/15 08:59:59Z,Council on Domestic Violence and Sexual Assault,US,,CDVSA,,,,,,19-,united states,,,,,,,"Anchorage,Fairbanks",,"99801,99835",,,,,,Provided by Advertiser,,,,,
5b9bfc8489da46a68b80e4a7009886b17c4dbd18ba6777c2fe9e2844f1ae7410,https://www.snap.com/political-ads/asset/1e7674f6bc633b9408e19bbb5c97f7e0b1ebabf219691d2b403037ce8e782ca0?mediaType=png,CAD,167,9557,2019/06/04 21:25:55Z,2019/08/08 06:59:59Z,The Aber Group,"608-120 Eglinton Avenue East,Toronto,M4P1E2,CA",,Plan International Canada,,,,,FEMALE,21+,canada,,,,,,,,,,,,,"Advocates & Activists,Beauty Mavens,Fashion & Style Gurus,Fun Trivia & Quiz Fanatics,Green Living Enthusiasts,Hipsters & Trendsetters,News Watchers,Women's Lifestyle",,,en,,,,
76e7d65fa9e9fa7229a39c274ce758f80314ea04e9f97f047fa3c98509bda2b8,https://www.snap.com/political-ads/asset/fa5e71ed3b60c5e03ba4d7901b308ed0a60c2813aac0ad9d8724d0250bdbe007?mediaType=png,USD,637,40529,2019/06/26 19:35:08Z,2019/09/14 03:59:59Z,FP1 Strategies,"3001 Washington Blvd,Arlington,22201,US",,P4AHCF,,,,,,21+,united states,,,,,"latitude 38.895;longitude -77.0366;radius 10.0,latitude 39.952288;longitude -75.166277;radius 1.0,latitude 40.743025;longitude -74.169139;radius 1.0,latitude 46.590645;longitude -112.03888;radius 1.0,latitude 41.675165;longitude -86.234911;radius 1.0,latitude 39.121345;longitude -77.23811;radius 1.0,latitude 42.732249;longitude -73.689799;radius 1.0,latitude 41.011531;longitude -73.842077;radius 1.0,latitude 39.274659;longitude -76.616257;radius 1.0,latitude 44.991229;longitude -93.252473;radius 1.0,latitude 29.722951;longitude -95.36566;radius 10.0",,,,,,,,,,Provided by Advertiser,en,,,,
00e92fd3720e27869c28b5e7464bb0b4e6ccb9352fcface8361951a351ac529f,https://www.snap.com/political-ads/asset/6e89018c4a701b16d7b63f0c5d55aa6cc089f649ef74c25327acc519eaee7002?mediaType=png,USD,15,60,2019/05/03 19:03:45Z,2019/05/07 21:59:59Z,Ad Dynamo,"The Clock Tower, Waterfront, Cape Town, 8001, South Africa,Cape Town,8001,ZA",,IEC South Africa,,,,,,18+,south africa,,,,,,,,,,,,,,,Provided by Advertiser,,,,,
12a1b8bc960e18292e3bd623ab343ecdc7c849bc98495156afba67423a5cdba6,https://www.snap.com/political-ads/asset/1508a78935c1d35b2d33cef6c067982569ad44deccf0856d9a3a828dc19a2aba?mediaType=png,USD,198,21503,2019/09/19 17:56:37Z,,UnRestrict Minnesota,"200 University Ave W #200,St. Paul,55103,US",,UnRestrict Minnesota,,,,,,18+,united states,Minnesota,,,,,,,,,,,,"Green Living Enthusiasts,Hipsters & Trendsetters,Political News Watchers,Wellness & Healthy Lifestyle,Eco-Conscious Shoppers,TV Network Viewers (BBC America),TV Network Viewers (CNN),TV Network Viewers (Comedy Central),TV Network Viewers (MSNBC)",,Provided by Advertiser,,,,,
b59c192320198e0368402e7eeda6293ef8e9772d39c9de702924374f8a80a8d9,https://www.snap.com/political-ads/asset/ee68f75f6248f47e8923f6cd0000e040a8d9ca4b073bfa2f784f835f09af11cc?mediaType=mp4,GBP,58,17,2019/08/21 05:00:00Z,2019/09/16 21:59:00Z,NHO,"Postboks 5250, Majorstuen,Oslo,0303,NO",,Næringslivets Hovedorganisasjon,,,,,FEMALE,18-30,norway,,,,,"latitude 59.91111;longitude 10.75278;radius 30.0,latitude 63.44;longitude 10.4;radius 7.26,latitude 69.65;longitude 18.96;radius 8.35,latitude 60.3925;longitude 5.32333;radius 6.89,latitude 58.97;longitude 5.71;radius 6.89",,,,,,,,,,Provided by Advertiser,,,,,
0c12e000fa452ae10d466058e19cc0217d2f87048dc1ac478a938bc4c444a9e5,https://www.snap.com/political-ads/asset/0e4cb9b8c7909202d71caa94ee529290997d9822a8ba71d55434399df1b9d9ee?mediaType=png,USD,3,355,2019/09/21 13:02:05Z,2019/09/21 22:59:59Z,Biden for President,"1500 Market St #19,Philadelphia,19102,US",Joe Biden,Biden for President,,,,,,,united states,,,,,latitude 41.568875;longitude -93.647395;radius 2.0,,,,,,,,,,Provided by Advertiser,,,,,
82c9e1b74ba59dc38784dde94a371c6914c0f9a466ccac182bb27b8fa92bc7bd,https://www.snap.com/political-ads/asset/1e7674f6bc633b9408e19bbb5c97f7e0b1ebabf219691d2b403037ce8e782ca0?mediaType=png,CAD,452,85402,2019/06/04 21:25:55Z,2019/08/08 06:59:59Z,The Aber Group,"608-120 Eglinton Avenue East,Toronto,M4P1E2,CA",,Plan International Canada,,,,,FEMALE,20-,canada,,,,,,,,,,,,,"Advocates & Activists,Beauty Mavens,Fashion & Style Gurus,Fun Trivia & Quiz Fanatics,Wellness & Healthy Lifestyle,Women's Lifestyle",,,en,,,,
c99ec955bf509aada7bde741bd125a0a0b8b85c85d842710525c26bce591c9c2,https://www.snap.com/political-ads/asset/0600e4b0938cd7a350f7c913e19918003698d5617271c2f07f8beacb1555108a?mediaType=png,USD,2,1206,2019/11/18 19:32:37Z,2019/11/19 02:00:51Z,Pete for America,"202 S Michigan St,South Bend,46601,US","Pete for America ",Pete for America,,,,,,17+,united states,,,,,latitude 33.7466415;longitude -84.41519149999999;radius 1.0,,,,,,,,,,Provided by Advertiser,,,,,
74949351d8d6b8295ee8b355299106f3c95b000c17ab6a52d22bd295d72bb474,https://www.snap.com/political-ads/asset/fc60a5715414fa32028485c5115857b48413977f7eafb89f702f6ac7f6e30446?mediaType=png,USD,1499,113620,2019/09/09 21:13:06Z,2019/09/13 22:00:00Z,Chong and Koster,"1640 Rhode Island Ave. NW, Suite 600,Washington,20036,US",,Everytown for Gun Safety AF,,,,,,,united states,,,,,,,Washington,,,,,,,,Provided by Advertiser,,,,,
05af61b508e0c873e54db968ca773f81798e4fd7d58ce214ce8a55f71572ebb6,https://www.snap.com/political-ads/asset/fa5e71ed3b60c5e03ba4d7901b308ed0a60c2813aac0ad9d8724d0250bdbe007?mediaType=png,USD,274,5566,2019/09/12 17:41:08Z,2019/12/20 04:59:59Z,FP1 Strategies,"3001 Washington Blvd,Arlington,22201,US",,P4AHCF,,,,,,21+,united states,,,,,"latitude 38.895;longitude -77.0366;radius 20.0,latitude 39.952288;longitude -75.166277;radius 1.0,latitude 40.743025;longitude -74.169139;radius 1.0,latitude 46.590645;longitude -112.03888;radius 1.0,latitude 41.675165;longitude -86.234911;radius 1.0,latitude 39.121345;longitude -77.23811;radius 1.0,latitude 42.732249;longitude -73.689799;radius 1.0,latitude 41.011531;longitude -73.842077;radius 1.0,latitude 33.968825;longitude -118.417454;radius 2.0",,,,,,,,,,Provided by Advertiser,en,,,,
7bdd67b5f4ec410f718b4c22dacdbaa26cf597fd35c914d31ca9ff61fdd6fd08,https://www.snap.com/political-ads/asset/0e4cb9b8c7909202d71caa94ee529290997d9822a8ba71d55434399df1b9d9ee?mediaType=png,USD,974,61996,2019/07/31 20:00:00Z,2019/08/01 03:59:00Z,Biden for President,"1500 Market St #19,Philadelphia,19102,US",,Biden for President,,,,,,17+,united states,,,,,,,Detroit,,,,,,,,Provided by Advertiser,,,,,
affff44223a0c3d69d7776158eb07ae8cbf9830d8523658655b86df98d30223b,https://www.snap.com/political-ads/asset/ca671a4d1183b76598cdcb297626c76065b10c98a2ef9f51824a3384dfa03088?mediaType=png,USD,0,594,2019/03/09 22:52:23Z,2019/03/11 10:51:31Z,moalshehab2019,KW,,Moayyed AL-Shehab,,,,,,17+,kuwait,,,,,latitude 29.354205816608342;longitude 47.98956732261087;radius 1.0,,,,,,,,"Adventure Seekers,Arts & Culture Mavens,Automotive Enthusiasts,Basketball Fans,Beachgoers & Surfers,Beauty Mavens,Bookworms & Avid Readers,Business News Watchers,Candy & Sweets Lovers,Mobile Gamers,Celebrity News Watchers,Chat Fiction Enthusiasts,Clubbers & Party People,Coffee Lovers,Collegiates,Comedy Fans,Comics & Animation Fans,Concert & Festival Goers,Console & PC Gamers,Cooking Enthusiasts,Cordcutters,Dance & Electronic Music Fans,Do-It-Yourselfers,Family Genre Fans,Fashion & Style Gurus,Fast Food Junkies,Fight & Wrestling Fans,Film & TV Fans,Fitness Enthusiasts,Foodies,Frequent Travelers,Fun Trivia & Quiz Fanatics,Gamers,Hipsters & Trendsetters,Home Decoristas,Investors & Entrepreneurs,Luxury Shoppers,Math & Science Enthusiasts,Meme Watchers,Men's Lifestyle,Motor Sports Fans,Music Fans,New Phone Seekers,News Watchers,Olympics Enthusiasts,Online Shoppers,Outdoor & Nature Enthusiasts,Parents & Family-Focused,Pet & Animal Lovers,Philanthropists,Photographers,Political News Watchers,Pop Music Fans,Reality TV Fans,Sci-fi & Fantasy Fans,Sharp-Dressed Men,Shoppers,Sneakerheads,Snow Sport Enthusiasts,Soccer Enthusiasts,Sports Fans,Street Sport Enthusiasts,Superhero Film Fans,Talent & Competition Show Fans,Talk Show Fans,Techies & Gadget Fans,Teen & Young Adult Genre Fans,Tennis & Racquet Enthusiasts,Travel Enthusiasts,Hip-Hop Music Fans,Wellness & Healthy Lifestyle,Women's Lifestyle",,Provided by Advertiser,,,,,
6166d07bbadd3b8ab8055d09b3b3e85d66c4cbc7e55a904f0f0c10472380f27f,https://www.snap.com/political-ads/asset/6fda28c5fbe05d628916e8c739e02c2ca067bf85349634e342dd61e6f3e66d96?mediaType=png,USD,146,2697,2019/10/18 22:05:16Z,2019/11/05 23:00:00Z,ACRONYM,US,Get out the vote,ACRONYM,,,,,,18+,united states,,,,,,,,,,,,,,,,,,,,
27dd460c3eef5ec131af5bbe3f5949d133c28d0720fcae29a53135129d769622,https://www.snap.com/political-ads/asset/0c2bdc46c8d11a7c9c82ee12c48d3bd5463be3cecbbaa03f286e918ea91d8a40?mediaType=png,USD,108,33047,2019/05/24 04:00:06Z,2019/06/25 01:40:55Z,Southern Environmental Law Center,US,,SELC,,,,,,,united states,"South Carolina,North Carolina,Georgia,Virginia",,,,,,,,,,,,"Advocates & Activists,Green Living Enthusiasts,Outdoor & Nature Enthusiasts,Philanthropists,Eco-Conscious Shoppers,Home Movie Viewers (Documentary),TV Network Viewers (MSNBC),plc_418,plc_423",,Provided by Advertiser,,,,,
ce114cd25789d70b9cf093a304e6902fde4142b23867180357ba2db1594bf437,https://www.snap.com/political-ads/asset/ed2ef8f487e3b2d983a111b87adaaa1f003678aba0a7ea6462b167c3751fa948?mediaType=png,USD,389,17746,2019/08/13 13:26:46Z,2019/09/09 18:00:00Z,Hamar Media,"Grønnegata 64,Hamar,2315,NO",,Hamar Arbeiderparti,,,,,,18+,norway,,,,,,,,,"2315,2316,2317,2319,2321",,,,,,Provided by Advertiser,nb,,,,
6759491ea16c0b84919749bc7f5e08c23ca4220c282f3eed781920d07a979ed7,https://www.snap.com/political-ads/asset/148f81378d6288002d6234805ee2f180148690829d5c89afba702b02468d22f1?mediaType=png,EUR,500,401090,2019/09/23 21:50:00Z,2019/09/29 09:00:00Z,KIRCHBAUMER.COM GmbH,"Auerspergstraße 17/9,Wien,1080,AT",Norbert Hofer,Freiheitliche Partei Österreichs,,,,,,18+,austria,,,,,,,,,,,,,,,Provided by Advertiser,"de,en",,,,
bfbdddafc9c27b26388b00c26f40c72b05c633a857e57cdfad350ca4aabf400f,https://www.snap.com/political-ads/asset/a322655b8976cd3436069b2a1afd491fac5221e96b12158456ef3b745bab882a?mediaType=png,EUR,0,36,2019/03/13 23:00:00Z,2019/03/16 23:30:00Z,Høyre,"Stortingsgaten 20,Oslo,0161,NO",,Høyre,,,,,,18+,norway,,,,,latitude 60.165066;longitude 11.154351;radius 6.0,,,,,,,,,,Provided by Advertiser,,,,,
2c499283d90560c2cdb83ef987d4fd544f40845151bfae85cb4d9fc0726cca05,https://www.snap.com/political-ads/asset/10e7d4d068b452bdf430bf3e12604d7d88ac9128568569d5d5c9ce84c7cef802?mediaType=png,CAD,191,28677,2019/06/04 21:25:55Z,2019/08/08 06:59:59Z,The Aber Group,"608-120 Eglinton Avenue East,Toronto,M4P1E2,CA",,Plan International Canada,,,,,FEMALE,21-34,canada,,,,,,,,,,,,,"Advocates & Activists,Beauty Mavens,Fashion & Style Gurus,Parents & Family-Focused,Philanthropists,Women's Lifestyle",,,en,,,,
257142fb6b906c9fabe17d761f57044e01912ecf506445df78e80b383359acbf,https://www.snap.com/political-ads/asset/2cfd85fcc286a3c8b6bc2884adcd85af9811daff5ad9e24cc6911e1816c32f67?mediaType=png,USD,39,2947,2019/11/01 17:04:59Z,2019/11/03 17:56:49Z,Arthur Walsh,US,NSJP 2019,NSJP 2019,,,,,,18-23,united states,,,,,latitude 44.975852;longitude -93.234355;radius 5.07,,,,,,,,,,Provided by Advertiser,,,,,
953dd403b14b0770d3ed7e21a0c9dd066a8c8c9695faee865eb99b2ea18c2fed,https://www.snap.com/political-ads/asset/f1ce81b2a0c928fda49e0d4202c755f22dca012504d097571ae71e33cace3d47?mediaType=png,USD,67,11128,2019/10/29 18:50:29Z,,UnRestrict Minnesota,"200 University Ave W #200,St. Paul,55103,US",,UnRestrict Minnesota,,,,,,18+,united states,,,,,latitude 44.9536175;longitude -93.10301799999999;radius 1.0,,,,,,,,,,Provided by Advertiser,,,,,
00f07d4c249d7491c00924c7f8f744cebb069bb54d766e3aec4c3e538d56681b,https://www.snap.com/political-ads/asset/cf4110ed66642dee9e810b2c3ee566758a3203523731c96bd3b3431f698a2b65?mediaType=mp4,EUR,10000,163064,2019/10/21 04:00:00Z,2019/11/03 13:15:47Z,grapevine gmbh,"Tengstraße 9,München,80798,DE",,Polizei NRW,,,,,,18+,germany,Nordrhein - Westfalen,,,,,,,,,,,,,,Provided by Advertiser,,,,,web_view_url:https://www.genau-mein-fall.de/?utm_source=snapchat&utm_medium=snap-lense&utm_campaign=uebergreifend
ea249bdacfe3c9d91c0ff5b244a69943ecaa24419821beac0829287cd638c4cb,https://www.snap.com/political-ads/asset/2ead29c46ba043c90bb56653056ef69d4d579cd5513e977723978cc5bb961ece?mediaType=mp4,GBP,73,70,2019/08/21 05:00:00Z,2019/09/16 21:59:00Z,NHO,"Postboks 5250, Majorstuen,Oslo,0303,NO",,Næringslivets Hovedorganisasjon,,,,,FEMALE,18-30,norway,,,,,"latitude 59.91111;longitude 10.75278;radius 30.0,latitude 63.44;longitude 10.4;radius 7.26,latitude 69.65;longitude 18.96;radius 8.35,latitude 60.3925;longitude 5.32333;radius 6.89,latitude 58.97;longitude 5.71;radius 6.89",,,,,,,,,,Provided by Advertiser,,,,,
b7279825225266a025d0056de857c3f8c7be60a66000007dfcc046421c31167e,https://www.snap.com/political-ads/asset/8d492f51654dc9001e103d2ca9a6fdff6511fca6c2d559ccecd485026a7b6936?mediaType=png,EUR,5773,14420506,2019/07/14 07:00:16Z,2019/07/15 06:59:16Z,Dentsu Aegis Network France,"67 Av. de Wagram,Paris,75017,FR",,Carat France,,,,,,18+,france,,,,,,,,,,,,,,,Provided by Advertiser,,,,,
d1862d29ce04daa4a6e3ae09fd72c4a848a9c12ee20697f497512857d0aab458,https://www.snap.com/political-ads/asset/2a16b40d8f9f9bb921abaada614a512e368061324b447d8ea91d4a88b8167c53?mediaType=mp4,GBP,110,15,2019/08/21 05:00:00Z,2019/09/16 21:59:00Z,NHO,"Postboks 5250, Majorstuen,Oslo,0303,NO",,Næringslivets Hovedorganisasjon,,,,,FEMALE,18-30,norway,,,,,"latitude 59.91111;longitude 10.75278;radius 30.0,latitude 63.44;longitude 10.4;radius 7.26,latitude 69.65;longitude 18.96;radius 8.35,latitude 60.3925;longitude 5.32333;radius 6.89,latitude 58.97;longitude 5.71;radius 6.89",,,,,,,,,,Provided by Advertiser,,,,,
ee2dea810f2c3558cf8916df724fc8271704297c53d7c1e7d9a55d670565cd77,https://www.snap.com/political-ads/asset/50254134c7030bdb8f6aab4add7d9dee81cf233e5cfb5936c45d0df3f8a40c4f?mediaType=png,USD,6042,359135,2019/09/20 10:00:00Z,2019/09/21 06:59:59Z,Recreational Equipment Inc.,"PO BOX 1938,SUMNER,98390,US",,"Recreational Equipment, Inc.",,,,,,18+,united states,,,,,,,,,,,,,"Adventure Seekers,Advocates & Activists,Beachgoers & Surfers,Fitness Enthusiasts,Vegans & Organic Foodies,Green Living Enthusiasts,Outdoor & Nature Enthusiasts,Wellness & Healthy Lifestyle,Hybrid & Alternative Vehicle Shoppers,Eco-Conscious Shoppers,Outdoor Sports Gear Shoppers,Winter Sports Shoppers,plc_418,plc_423",,Provided by Advertiser,en,,,,
c0269c8eb8c1075dd951b186044c85843167b32b83fd71d3f156d67d32c3a8d8,https://www.snap.com/political-ads/asset/6abc28dcb9bb987101ba239803078f58f106e0315882111241bdc4ad5fc9fbdc?mediaType=png,USD,823,10394,2019/05/09 12:48:52Z,2019/05/12 21:59:59Z,Ad Dynamo,"The Clock Tower, Waterfront, Cape Town, 8001, South Africa,Cape Town,8001,ZA",,IEC South Africa,,,,,,18+,south africa,,,,,,,,,,,,,,,Provided by Advertiser,,,,,
909baf5ce96ca4ae4fc1e9541d4d898e2b8c1c120350382e5c288f05aaf03cd5,https://www.snap.com/political-ads/asset/3ccca95e934a0769299335da47a5a7bb5486f5206b05f45827ef9973d8e892b8?mediaType=mp4,USD,1667,32674,2019/03/14 11:48:54Z,2019/03/30 20:59:59Z,Goodroll Dijital Video Reklam Pazarlama Tic. A.Ş.,"Emniyetevler Mah. Yamaç Sok. No:6 Kat:2,İstanbul/Kağıthane,34415,TR",,Ak Parti,,,,,,,turkey,Izmir,,,,,,,,,,,,,,Provided by Advertiser,,,,,
7c0cae83af3a3f41246bef78a214397bd757def10cd0956321b4a4b5e3d1f257,https://www.snap.com/political-ads/asset/0141952a1bc4537b39f999226d7c43241f9ebaac3f7eecbcfd2ff3c03951a6b8?mediaType=png,USD,13,10693,2019/05/04 21:03:42Z,2019/05/05 04:59:00Z,Putting Kentucky First,US,,Putting Kentucky First,,,,,,18+,united states,,,,,latitude 38.204162;longitude -85.771772;radius 2.0,,,,,,,,,,Provided by Advertiser,,,,,
51604eda0b3290e05d454a70583586bad718dc7fae8132e88d5ef595bde8acbd,https://www.snap.com/political-ads/asset/f8761d5baf40ac15bfc65dfa9e02b58b99142cf9381c5d8870d44878e4b13b37?mediaType=png,USD,1419,169729,2019/09/01 05:00:00Z,2019/09/30 21:00:00Z,Red Media AS,"Pilestredet 27,OSLO,0164,NO",,OBOS,,,,,,20+,norway,,,,,,,,,,,,,,,,,,,,
ccc609feb29bbc319f22279b227c7fb9398244cf1276766cd885ed9eae1ae2e5,https://www.snap.com/political-ads/asset/77bd01f3deb09abd025311670b43b6be68223e086efa1981aa480e8a790df561?mediaType=png,USD,36,39,2019/11/23 08:00:01Z,2019/11/24 04:59:59Z,Mediavest Spark,"375 Hudson Street     Attn: Mailroom,New York,10014,US",,"Recreational Equipment, Inc.",,,,,,18+,united states,,,,,latitude 30.203913;longitude -97.825989;radius 1.7,,,,,,,,,,Provided by Advertiser,,,,,
e5f1919bf0f74bb7f02dd3121d5a24978a92cafcad30ef06ff21494211e0a052,https://www.snap.com/political-ads/asset/1948cb493c78c4e9962515bcccb53aeec3d55c8ccb4f87fd53a368482c060dc3?mediaType=png,USD,100,3863,2019/09/08 00:14:45Z,2019/09/09 21:59:59Z,Mehmet Kaan Inan,NO,,Høyre,,,,,,18-29,norway,Oslo,,,,,,,,,,,,,,Provided by Advertiser,,,,,
a7f9a1d5131a6d600b2d511df4d97e6ad82048de9e223c25a3211367b0c3fea9,https://www.snap.com/political-ads/asset/cf4110ed66642dee9e810b2c3ee566758a3203523731c96bd3b3431f698a2b65?mediaType=mp4,EUR,25000,486545,2019/09/04 07:36:55Z,2019/10/07 07:36:55Z,grapevine gmbh,"Tengstraße 9,München,80798,DE",,Polizei NRW,,,,,,18+,germany,Nordrhein - Westfalen,,,,,,,,,,,,,,Provided by Advertiser,,,,,web_view_url:https://www.genau-mein-fall.de/?utm_source=snapchat&utm_medium=snap-lense&utm_campaign=uebergreifend
73944896509ee3e0da9dc929c4a8f3cac71641d4e6804b20216113796c8958d9,https://www.snap.com/political-ads/asset/e4c67fb68170179bfd4ec1a856e07dbe2a5ae91263c888bc98607a9dfff1e706?mediaType=mp4,USD,2865,102990,2019/03/14 11:48:54Z,2019/03/30 20:59:59Z,Goodroll Dijital Video Reklam Pazarlama Tic. A.Ş.,"Emniyetevler Mah. Yamaç Sok. No:6 Kat:2,İstanbul/Kağıthane,34415,TR",,Ak Parti,,,,,,,turkey,Istanbul,,,,,,,,,,,,,,Provided by Advertiser,,,,,
67fe8bddfe942bcc505390a56dd389e0050bee0b5d381bbb0811801c5b6eb93f,https://www.snap.com/political-ads/asset/74bcb14964394727b64ea0eeaaa59ef36ab9b5654a624c55a112430fafb92e5b?mediaType=png,USD,213,18432,2019/09/19 17:56:37Z,,UnRestrict Minnesota,"200 University Ave W #200,St. Paul,55103,US",,UnRestrict Minnesota,,,,,,18+,united states,Minnesota,,,,,,,,,,,,"Green Living Enthusiasts,Hipsters & Trendsetters,Political News Watchers,Wellness & Healthy Lifestyle,Eco-Conscious Shoppers,TV Network Viewers (BBC America),TV Network Viewers (CNN),TV Network Viewers (Comedy Central),TV Network Viewers (MSNBC)",,Provided by Advertiser,,,,,
371fea93cbc7ac36c224d4fdddc8fd19a2687b5ee56f21399a98119730f3f822,https://www.snap.com/political-ads/asset/c813083564b1fc94f0199e38c5c4eac6a9660233b43df8f60a99402fa493af84?mediaType=png,CAD,801,116573,2019/06/04 21:25:55Z,2019/08/08 06:59:59Z,The Aber Group,"608-120 Eglinton Avenue East,Toronto,M4P1E2,CA",,Plan International Canada,,,,,FEMALE,21+,canada,,,,,,,,,,,,,"Advocates & Activists,Beauty Mavens,Fashion & Style Gurus,Fun Trivia & Quiz Fanatics,Green Living Enthusiasts,Hipsters & Trendsetters,News Watchers,Women's Lifestyle",,,en,,,,
51d00eeadb7f233de9d3fb90710034ad0fe76ebbb0be3151523985f880ff54ab,https://www.snap.com/political-ads/asset/77bd01f3deb09abd025311670b43b6be68223e086efa1981aa480e8a790df561?mediaType=png,USD,49,3,2019/11/23 08:00:01Z,2019/11/24 04:59:59Z,Mediavest Spark,"375 Hudson Street     Attn: Mailroom,New York,10014,US",,"Recreational Equipment, Inc.",,,,,,18+,united states,,,,,latitude 40.0760154;longitude -75.2354839;radius 1.7,,,,,,,,,,Provided by Advertiser,,,,,
71c74931c5b7b03c019cd1f2362d8d48124feb2a26c5f073a4dbce31b587933a,https://www.snap.com/political-ads/asset/5a4c9e1e3e1f703ff6236a6df2685fa48d38c759527b6b37c84d72fc660fc8e6?mediaType=mp4,USD,77,488,2019/08/26 13:32:49Z,2019/08/31 21:32:05Z,Red Media AS,"Pilestredet 27,OSLO,0164,NO",,OBOS,,,,,,18+,norway,,,,,"latitude 59.897289;longitude 10.812857;radius 0.6,latitude 59.874915;longitude 10.810471;radius 0.6,latitude 59.913836;longitude 10.84189;radius 0.6",,,,,,,,,,Provided by Advertiser,,,,,
75c56eeacdf7c61edf91bd2b483671707bfd91d23a8a9e670c33c43304e0e708,https://www.snap.com/political-ads/asset/fa5e71ed3b60c5e03ba4d7901b308ed0a60c2813aac0ad9d8724d0250bdbe007?mediaType=png,USD,1184,67422,2019/09/12 17:41:08Z,2019/10/17 03:59:59Z,FP1 Strategies,"3001 Washington Blvd,Arlington,22201,US",,P4AHCF,,,,,,21+,united states,,,,,"latitude 38.895;longitude -77.0366;radius 10.0,latitude 39.952288;longitude -75.166277;radius 1.0,latitude 40.743025;longitude -74.169139;radius 1.0,latitude 46.590645;longitude -112.03888;radius 1.0,latitude 41.675165;longitude -86.234911;radius 1.0,latitude 39.121345;longitude -77.23811;radius 1.0,latitude 42.732249;longitude -73.689799;radius 1.0,latitude 41.011531;longitude -73.842077;radius 1.0,latitude 39.274659;longitude -76.616257;radius 1.0,latitude 44.991229;longitude -93.252473;radius 1.0,latitude 29.722951;longitude -95.36566;radius 10.0",,,,,,,,,,Provided by Advertiser,en,,,,
a4058ec912e1b1c1e8f79e8da7d8fcd2c02d416437dde8c4d3e44643f1796c7a,https://www.snap.com/political-ads/asset/69eaed26b67f91d09b3c13b0f6e224293d459f493a952fcfcda20cd1b39af85f?mediaType=png,USD,14,1497,2019/05/14 05:00:00Z,2019/05/14 23:00:00Z,"A+G, LLC","PO Box 7747,New York,10116,US",,Future Fund PAC,,,,,,18-30,united states,,,,,,,,,"28007,28079,28091,28102,28103,28104,28108,28110,28111,28106,28112,28119,28133,28135,28170,28173,28174,28271,28274,28287,28312,28319,28330,28332,28340,28343,28345,28353,28351,28352,28358,28359,28360,28362,28363,28367,28369,28372,28375,28378,28383,28384,28379,28380,28396,28392,28399",,,,,,Provided by Advertiser,en,,,,
3501715f861253cbebd24460934d821150be9bfb064049836cfa90ec9714fa99,https://www.snap.com/political-ads/asset/36a702e47e14d8026cd77c779ac13b7ef409d4e0c877cedb4acbcef6dc45a9d8?mediaType=png,USD,13,155,2019/05/14 05:00:00Z,2019/05/14 23:00:00Z,"A+G, LLC","PO Box 7747,New York,10116,US",,Future Fund PAC,,,,,,18-30,united states,,,,,,,,,"28007,28079,28091,28102,28103,28104,28108,28110,28111,28106,28112,28119,28133,28135,28170,28173,28174,28271,28274,28287,28312,28319,28330,28332,28340,28343,28345,28353,28351,28352,28358,28359,28360,28362,28363,28367,28369,28372,28375,28378,28383,28384,28379,28380,28396,28392,28399",,,,,,Provided by Advertiser,en,,,,
7e158b573bffc4a82e53f328576092dbc3ba9df7093bc655a14e2317c57f9d20,https://www.snap.com/political-ads/asset/37755a1dea1ae98b7f9b9ff2bd811aa19f73735c7a399411d73684f31f70b9fc?mediaType=png,CAD,296,153445,2019/10/09 18:45:24Z,2019/10/13 06:59:59Z,The Aber Group,"608-120 Eglinton Avenue East,Toronto,M4P1E2,CA",,Plan International Canada,,,,,FEMALE,,canada,,,,,,,,,,,,,"Advocates & Activists,Beauty Mavens,Parents & Family-Focused,Philanthropists,Women's Lifestyle",,Provided by Advertiser,en,,,,
ba822b3bbca76b120f7483b4aa52b96886dea90a765b07bb2699570360484db3,https://www.snap.com/political-ads/asset/7463f01e641b2375cbc1d3951f4bbd4b60e146c420bbd4bcc1321f8638699b7e?mediaType=png,USD,94,177348,2019/03/09 17:48:09Z,2019/03/10 20:59:59Z,Flater_q8,"Hateen,Hawally ,00965,KW",,PAID BY MOHMMED TLALA ALSEED,,,,,,18+,kuwait,"Al Kuwayt,Hawalli",,,,,,,,,,,,,,Provided by Advertiser,,,,,
560134dde9145f3f7d2195b7dc93a148d1fe9d8482c7efff64cabf119d0d0373,https://www.snap.com/political-ads/asset/c620686ec19f1c5d58ad7caea46f863a2a41a0cdcd88d526d7a56eea792126cb?mediaType=png,EUR,593,296961,2019/12/03 11:17:51Z,2019/12/31 11:17:51Z,Digital Opptur,"Edvard Storms gate 2,OSLO,0166,NO",Julegryta,Frelsesarmeen,,,,,,15-35,norway,,,,,,,,,,,,,,,Provided by Advertiser,,,,,
9b501a25810784b82365d488538859996c38cad31c1cc84c738f39d169df9ed1,https://www.snap.com/political-ads/asset/8552c9eee9084cb9b290aba6dbad2dcd15420f07161fc39e15d722bd0d35d9cd?mediaType=mp4,GBP,30,14,2019/08/21 05:00:00Z,2019/09/16 21:59:00Z,NHO,"Postboks 5250, Majorstuen,Oslo,0303,NO",,Næringslivets Hovedorganisasjon,,,,,FEMALE,18-30,norway,,,,,"latitude 59.91111;longitude 10.75278;radius 30.0,latitude 63.44;longitude 10.4;radius 7.26,latitude 69.65;longitude 18.96;radius 8.35,latitude 60.3925;longitude 5.32333;radius 6.89,latitude 58.97;longitude 5.71;radius 6.89",,,,,,,,,,Provided by Advertiser,,,,,
8df4965fc2bc34ed4b280f1c1dbb0655447e9e8902334f9f6b74df732f9d36d1,https://www.snap.com/political-ads/asset/785e6cd18487ecb81427a48d530790c701791ef9ed9ff4cd0e0b60a6fd71229d?mediaType=png,USD,17,1962,2019/05/18 04:00:00Z,2019/05/19 04:00:00Z,Southern Environmental Law Center,US,,SELC,,,,,,,united states,,,,,,,,,"31328,28461,28465,28468,27960,28449,28480,28403,28405,27959,28469,28512,28594,28462,29915,29926,29928,29412,29439,29585,29438,29572,29582,23605,23651,23661,23663,23664,23665,23666,23669,23451,23452,23453,23454,23455,23456,23457,23459,23460,23461,23462,23464,23502,23503,23504,23505,23507,23508,23509,23510,23511,23513,23517,23518,23523,23551,23089",,,,"Adventure Seekers,Advocates & Activists,Green Living Enthusiasts,Outdoor & Nature Enthusiasts,Philanthropists,Eco-Conscious Shoppers,Outdoor Sports Gear Shoppers,TV Network Viewers (MSNBC),plc_418,plc_423",,Provided by Advertiser,,,,,
813f271f14a3f985e5c32d1283e02782fddb789512ee0d0bba8c7033fe2ebd05,https://www.snap.com/political-ads/asset/bea3216efebfec99d01455b073b23beaf49769e3bc886b8ed94e0d42a1a0f92e?mediaType=png,USD,178,26342,2019/09/19 17:56:37Z,,UnRestrict Minnesota,"200 University Ave W #200,St. Paul,55103,US",,UnRestrict Minnesota,,,,,,18+,united states,Minnesota,,,,,,,,,,,,,,,,,,,
c4131511e091b8861bf232c6908b9172e86b1d4722c7ccd6542edeb387db8585,https://www.snap.com/political-ads/asset/46b34c7d97ddfc2b2b3535d0717d1a7d518cdaf0aa2f0f81bd45acf2f540152e?mediaType=mp4,USD,2862,45434,2019/03/14 11:48:55Z,2019/03/30 20:59:59Z,Goodroll Dijital Video Reklam Pazarlama Tic. A.Ş.,"Emniyetevler Mah. Yamaç Sok. No:6 Kat:2,İstanbul/Kağıthane,34415,TR",,Ak Parti,,,,,,,turkey,,"Ankara,Istanbul,Izmir",,,,,,,,,,,,,Provided by Advertiser,,,,,
9661d124e697eb25158a39e4fdba7d816115cff71682a9f66d3df299bb0cf2ff,https://www.snap.com/political-ads/asset/77bd01f3deb09abd025311670b43b6be68223e086efa1981aa480e8a790df561?mediaType=png,USD,2,75,2019/11/16 08:00:01Z,2019/11/17 04:59:59Z,Mediavest Spark,"375 Hudson Street     Attn: Mailroom,New York,10014,US",,"Recreational Equipment, Inc.",,,,,,18+,united states,,,,,latitude 32.587524546187055;longitude -117.12816274309205;radius 1.0,,,,,,,,,,Provided by Advertiser,,,,,
0364a686532482064cfeead087d790a8343edff523c3f9bd492ccf396d7122af,https://www.snap.com/political-ads/asset/066d90f4b0176532ad2cd5989f7b8a8621df714f3cbdeb9a1b6db43f06cda25e?mediaType=png,USD,4298,6266707,2019/10/01 08:14:02Z,2019/10/05 14:00:00Z,Around The Clock,"Business Central Tower A, Office 2304A, Dubai Media City,Dubai,501918,AE",,Federal National Council,,,,,,18+,united arab emirates,,,,,,,,,,,,,,,Provided by Advertiser,,,,,
629098979f97c8a3d16ed6dd9471db31884e2944040ee3f24eb88bcdd0b929ad,https://www.snap.com/political-ads/asset/37755a1dea1ae98b7f9b9ff2bd811aa19f73735c7a399411d73684f31f70b9fc?mediaType=png,CAD,373,182193,2019/10/09 18:45:25Z,2019/10/13 06:59:59Z,The Aber Group,"608-120 Eglinton Avenue East,Toronto,M4P1E2,CA",,Plan International Canada,,,,,,,canada,,,,,,,,,,,,,,,,en,,,,
f1b5e8006d2562b6d50ef59eb9639a10c8acf40e9e8c794395f9239b2fea13e6,https://www.snap.com/political-ads/asset/77bd01f3deb09abd025311670b43b6be68223e086efa1981aa480e8a790df561?mediaType=png,USD,12,9,2019/11/29 08:00:01Z,2019/11/30 04:59:59Z,Mediavest Spark,"375 Hudson Street     Attn: Mailroom,New York,10014,US",,"Recreational Equipment, Inc.",,,,,,18+,united states,,,,,latitude 38.87743756209167;longitude -104.76946949345484;radius 1.0,,,,,,,,,,Provided by Advertiser,,,,,
4023543497dea3eafdfce564b0c5bc2d9d510484a51e4ced558830262d08573e,https://www.snap.com/political-ads/asset/f2153028d0af1f0f9df51388faeacc965329a245b180837a62f4f3583ea39642?mediaType=mp4,USD,322386,6780981,2019/10/01 15:00:00Z,2019/12/04 05:59:00Z,General Mills,"P.O. Box 4614 Grand Central Station,New York,10163,US",,general mills,,,,,,25-,united states,,,,,,,,,,,,,,,Provided by Advertiser,en,,,,web_view_url:https://snap.jebbit.com/ogxqnpuj?L=Snapchat&JC=v10
893eda02bf5c49e7f6cd17240278d5863e7a36b070a6b5d0c7a270ea4d504842,https://www.snap.com/political-ads/asset/10e7d4d068b452bdf430bf3e12604d7d88ac9128568569d5d5c9ce84c7cef802?mediaType=png,CAD,358,79768,2019/06/04 21:25:55Z,2019/08/08 06:59:59Z,The Aber Group,"608-120 Eglinton Avenue East,Toronto,M4P1E2,CA",,Plan International Canada,,,,,FEMALE,20-,canada,,,,,,,,,,,,,"Advocates & Activists,Beauty Mavens,Fashion & Style Gurus,Fun Trivia & Quiz Fanatics,Wellness & Healthy Lifestyle,Women's Lifestyle",,,en,,,,
7a5643a93e8038eed12c556294925e53684cb98daed1d7be1e381b93d206099f,https://www.snap.com/political-ads/asset/77bd01f3deb09abd025311670b43b6be68223e086efa1981aa480e8a790df561?mediaType=png,USD,21,115,2019/11/23 08:00:01Z,2019/11/24 04:59:59Z,Mediavest Spark,"375 Hudson Street     Attn: Mailroom,New York,10014,US",,"Recreational Equipment, Inc.",,,,,,18+,united states,,,,,latitude 39.9361108038687;longitude -75.23818118626495;radius 1.0,,,,,,,,,,Provided by Advertiser,,,,,
aa86d90a6b770aded40e9d1b8b7548aaae05bf9b538caeaf56f350adc6946b22,https://www.snap.com/political-ads/asset/a78e6ad7120dec666436b30f3b2bf19a45c50f08b2d990c918a10feb51db4a05?mediaType=mp4,EUR,2473,292651,2019/06/27 10:38:11Z,2019/08/03 10:38:13Z,Høyre,"Stortingsgaten 20,Oslo,0161,NO",,Høyre,,,,,,18+,norway,,,,,,,,,,,,,,,Provided by Advertiser,,,,,
14f6d6239c46ba516b81403b018aaae114cadc232916814d2ae9e9435359acbe,https://www.snap.com/political-ads/asset/c283dcff1b64e9f24c87bcec76d7eacdaf44686f76ca81154bcbf1fb6ccf0fcb?mediaType=png,USD,993,172169,2019/11/18 01:00:00Z,2019/11/18 19:59:59Z,Sharjah Broadcasting Authority,"sharjah,sharjah,00971,AE",,Sharjah Goverment - UAE,,,,,,,united arab emirates,"Sharjah,Ajman,Dubai",,,,,,,,,,,,,,Provided by Advertiser,,,,,
5ae729fbac69e46470933df75312235d53223b3d5d768ef931258b6f8d3562b8,https://www.snap.com/political-ads/asset/c86f5cc3c4efd0483598707afebdf5e0a8921e7cde8960f9949782ad1d37a2ea?mediaType=mp4,CAD,15000,307542,2019/12/03 14:00:00Z,2020/01/01 04:59:59Z,The Aber Group,"608-120 Eglinton Avenue East,Toronto,M4P1E2,CA",,Plan International Canada,,,,,,18+,canada,,,,,,,,,,,,,"Advocates & Activists,Arts & Culture Mavens,Film & TV Fans,Green Living Enthusiasts,Business News Watchers,Parents & Family-Focused,Philanthropists,Shoppers",,Provided by Advertiser,en,,,,web_view_url:https://plancanada.ca/giftsofhope/?utm_campaign=fy20-q2-goh&utm_source=snapchat-cpe&utm_medium=social
3560cf981660ec7d02ec5b6751c827993111ab69a7a7935b2b3d4240a322c6ed,https://www.snap.com/political-ads/asset/7e8e9260ebf2801d07d2b2372d43ee5a023730c54d0215378afb211f4bb2c743?mediaType=png,USD,60,12449,2019/11/01 17:04:59Z,2019/11/03 17:56:49Z,Arthur Walsh,US,NSJP 2019,NSJP 2019,,,,,,18-23,united states,,,,,latitude 44.975852;longitude -93.234355;radius 5.07,,,,,,,,,,Provided by Advertiser,,,,,
59a4ef9215ccb53bfdfd24b3a0768f352c26466f01f7aef289e832072142aa6f,https://www.snap.com/political-ads/asset/3f535cb6581e4f5542eb9823d88da4e6f4972a2850c74748290779db8d4758c6?mediaType=png,USD,40,7181,2019/10/29 18:50:29Z,,UnRestrict Minnesota,"200 University Ave W #200,St. Paul,55103,US",,UnRestrict Minnesota,,,,,,18+,united states,,,,,latitude 44.9536175;longitude -93.10301799999999;radius 1.0,,,,,,,,,,Provided by Advertiser,,,,,
f8bea8abe72bd9be26e55168fe0b8296531385a3d1f50a9cf2b59be31deb20a8,https://www.snap.com/political-ads/asset/2adccb5f0ce96444daa5602aebabaab9e12c55c2db95c37a9031cce8974977bf?mediaType=png,USD,301,2145,2019/05/07 21:59:59Z,2019/05/08 21:59:59Z,Ad Dynamo,"The Clock Tower, Waterfront, Cape Town, 8001, South Africa,Cape Town,8001,ZA",,IEC South Africa,,,,,,18+,south africa,,,,,,,,,,,,,,,Provided by Advertiser,,,,,
1b44a38d7c5a6c43880a4cd41ce233d3f6e54af271dc5d730fa1881725068e01,https://www.snap.com/political-ads/asset/d7458419ffb4370ebd9a90aa9e248c1d1f21e5c2d013b10d78db411c70260a88?mediaType=png,USD,96,13685,2019/05/06 06:00:00Z,2019/05/08 00:00:00Z,The Prosper Group,"435 E. Main,Greenwood,46143,US",,Tim Smith for Mayor Campaign,,,,,,18+,united states,,,,,,,,,"46802,46803,46804,46805,46806,46807,46808,46809,46815,46825,46835",,,,,,Provided by Advertiser,en,,,,
e220e5cb00501645d0d72744516a8ebd7d26db949f6c6eee53c8d4f5eeb47a1d,https://www.snap.com/political-ads/asset/c43ee374c235e4f9719e66312525e8c832d5bc45ca9a4790d6ddb089b5699c0b?mediaType=png,USD,233,17,2019/11/05 05:00:00Z,2019/11/06 00:00:00Z,ACRONYM,US,Get out the vote,ACRONYM,,,,,,18+,united states,,,,,,,,,,,,,,,,,,,,
7cf01aa426e91243a081d7308909d85821cf256d7ed700598473920964e74f43,https://www.snap.com/political-ads/asset/1e7674f6bc633b9408e19bbb5c97f7e0b1ebabf219691d2b403037ce8e782ca0?mediaType=png,CAD,501,176025,2019/06/04 21:25:55Z,2019/08/08 06:59:59Z,The Aber Group,"608-120 Eglinton Avenue East,Toronto,M4P1E2,CA",,Plan International Canada,,,,,MALE,18+,canada,,,,,,,,,,,,,"Advocates & Activists,Men's Lifestyle,Music Fans,News Watchers,Sports Fans",,,en,,,,
56f1e46f7d95135b5463b67bb724bba9df85af4551480233fd86e5fc8c8249bc,https://www.snap.com/political-ads/asset/7cacde199760171ce55457b2e6f3e5f7a245f8a5776a9124aa127656282153c4?mediaType=png,USD,240,31613,2019/06/21 16:00:39Z,2019/07/03 03:00:00Z,Chief Anderson 2019,US,,Re-Elect Chief Anderson 2019,,,,,,18-34,united states,,,,,"latitude 32.77;longitude -89.11;radius 25.0,latitude 31.86;longitude -89.05;radius 25.0,latitude 32.47;longitude -89.25;radius 25.0,latitude 33.12;longitude -89.06;radius 25.0,latitude 32.74;longitude -89.54;radius 25.0,latitude 32.58;longitude -89.33;radius 25.0,latitude 35.65;longitude -89.6;radius 15.0,latitude 32.37;longitude -88.67;radius 10.0",,,,,,,,"Country Music Fans,Pop Music Fans,Hip-Hop Music Fans,Basketball Fans,College Basketball Fans",,Provided by Advertiser,,,,,
4686cabacafdd76a8b8399b0f5ec42a0c562d4a30321a3322871560a272da35f,https://www.snap.com/political-ads/asset/1e7674f6bc633b9408e19bbb5c97f7e0b1ebabf219691d2b403037ce8e782ca0?mediaType=png,CAD,110,16455,2019/06/04 21:25:55Z,2019/08/08 06:59:59Z,The Aber Group,"608-120 Eglinton Avenue East,Toronto,M4P1E2,CA",,Plan International Canada,,,,,FEMALE,21-34,canada,,,,,,,,,,,,,"Advocates & Activists,Beauty Mavens,Fashion & Style Gurus,Parents & Family-Focused,Philanthropists,Women's Lifestyle",,,en,,,,
c599b170d736e2fd0b74ba1818d3fdb04022e793abaa5aaa93b589fb0b7f883b,https://www.snap.com/political-ads/asset/8582bf4372c2314d6a88faa826148bbe7e2616de30a0c01b4ce54d3d531583b2?mediaType=png,USD,209,12368,2019/10/18 21:50:05Z,2019/11/06 00:00:00Z,ACRONYM,US,Get out the vote,ACRONYM,,,,,,18+,united states,,,,,,,,,,,,,,,,,,,,
6503e8913b07ad4b8692d6c8ece8e4869402323ed723ac4e037fcc26e204b4f1,https://www.snap.com/political-ads/asset/77bd01f3deb09abd025311670b43b6be68223e086efa1981aa480e8a790df561?mediaType=png,USD,33,105,2019/11/23 08:00:01Z,2019/11/24 04:59:59Z,Mediavest Spark,"375 Hudson Street     Attn: Mailroom,New York,10014,US",,"Recreational Equipment, Inc.",,,,,,18+,united states,,,,,latitude 37.717368;longitude -122.379885;radius 1.4,,,,,,,,,,Provided by Advertiser,,,,,
771e3ca51b053cbcc831bd053e2c3179272063507a67d4588a8aeb5054dc24e8,https://www.snap.com/political-ads/asset/77bd01f3deb09abd025311670b43b6be68223e086efa1981aa480e8a790df561?mediaType=png,USD,48,1091,2019/11/09 08:00:01Z,2019/11/10 04:59:59Z,Mediavest Spark,"375 Hudson Street     Attn: Mailroom,New York,10014,US",,"Recreational Equipment, Inc.",,,,,,18+,united states,,,,,latitude 47.617338;longitude -122.357266;radius 1.54,,,,,,,,,,Provided by Advertiser,,,,,
b07f1165888042f29d749d9bccad11b54c8e28a3c6e7f4b37025fcaedcdc7de4,https://www.snap.com/political-ads/asset/4336b43f088ab73a18aecf01c673675390d138877051667a07fa9675ec1f755d?mediaType=png,USD,124,11630,2019/10/18 22:05:16Z,2019/11/05 23:00:00Z,ACRONYM,US,Get out the vote,ACRONYM,,,,,,18+,united states,,,,,,,,,,,,,,,,,,,,
79b900f832ba117e8097500c2e1be2dc2c531da0c2be23674e8259e1c4f8ab8a,https://www.snap.com/political-ads/asset/d37d539d02b161bfd0858aa63f47be77e249c48d626d8a4e1a5ac512f552da76?mediaType=mp4,GBP,92,94,2019/08/21 05:00:00Z,2019/09/16 21:59:00Z,NHO,"Postboks 5250, Majorstuen,Oslo,0303,NO",,Næringslivets Hovedorganisasjon,,,,,FEMALE,18-30,norway,,,,,"latitude 59.91111;longitude 10.75278;radius 30.0,latitude 63.44;longitude 10.4;radius 7.26,latitude 69.65;longitude 18.96;radius 8.35,latitude 60.3925;longitude 5.32333;radius 6.89,latitude 58.97;longitude 5.71;radius 6.89",,,,,,,,,,Provided by Advertiser,,,,,
ee71e989163cc454020c9f559d7cb551ca0f00f122fde9f6bb98d49f18bf52b3,https://www.snap.com/political-ads/asset/77bd01f3deb09abd025311670b43b6be68223e086efa1981aa480e8a790df561?mediaType=png,USD,35,13,2019/11/29 08:00:01Z,2019/11/30 04:59:59Z,Mediavest Spark,"375 Hudson Street     Attn: Mailroom,New York,10014,US",,"Recreational Equipment, Inc.",,,,,,18+,united states,,,,,latitude 33.555459428205126;longitude -111.57688494717559;radius 8.5,,,,,,,,,,Provided by Advertiser,,,,,
3d10cfe68132deaf7a560b3659505a2244e5c132d6086bce0e343dd0ed6567b6,https://www.snap.com/political-ads/asset/fa5e71ed3b60c5e03ba4d7901b308ed0a60c2813aac0ad9d8724d0250bdbe007?mediaType=png,USD,116,5462,2019/09/12 17:41:08Z,2019/10/16 16:00:00Z,FP1 Strategies,"3001 Washington Blvd,Arlington,22201,US",,P4AHCF,,,,,,21+,united states,,,,,"latitude 38.895;longitude -77.0366;radius 10.0,latitude 39.952288;longitude -75.166277;radius 1.0,latitude 40.743025;longitude -74.169139;radius 1.0,latitude 46.590645;longitude -112.03888;radius 1.0,latitude 41.675165;longitude -86.234911;radius 1.0,latitude 39.121345;longitude -77.23811;radius 1.0,latitude 42.732249;longitude -73.689799;radius 1.0,latitude 41.011531;longitude -73.842077;radius 1.0,latitude 39.274659;longitude -76.616257;radius 1.0,latitude 40.125001;longitude -82.9403475;radius 2.0",,,,,,,,,,Provided by Advertiser,en,,,,
f88ea2de5a8a681c000ca3ac23b4f4b30badcfd7c7be389b33490d9dbb712c5b,https://www.snap.com/political-ads/asset/5e65b0d1ab9468ec39fc5b1af057ee1f3da908b58de52df7c6e6bd0e84d0ad53?mediaType=png,USD,138,26558,2019/10/29 18:50:29Z,,UnRestrict Minnesota,"200 University Ave W #200,St. Paul,55103,US",,UnRestrict Minnesota,,,,,,18+,united states,,,,,latitude 44.9536175;longitude -93.10301799999999;radius 1.0,,,,,,,,,,Provided by Advertiser,,,,,
e2fe5c68e460090746004a603e4884be081e7673881010e322c1e5b10cfed08c,https://www.snap.com/political-ads/asset/5da8baa00ea18e6a84d0bf6f7f8df82ec3c3047c5dc791b183358b32674fbbbc?mediaType=png,USD,160,47749,2019/03/01 00:00:23Z,2019/03/08 18:21:23Z,Flater_q8,"Hateen,Hawally ,00965,KW",,Paid for by khaled  aayedalanezi,,,,,,19+,kuwait,"Al Farwaniyah,Al Kuwayt,Al Jahrah,Hawalli,Al Ahmadi",,,,,,,,,,,,,,Provided by Advertiser,ar,,,,
0a3bc0bf559c865cc9dc4c250c334d22cb25942c9eae01c0c35ff9c309e9ac9f,https://www.snap.com/political-ads/asset/6fda28c5fbe05d628916e8c739e02c2ca067bf85349634e342dd61e6f3e66d96?mediaType=png,USD,180,2627,2019/10/18 21:50:05Z,2019/11/06 00:00:00Z,ACRONYM,US,Get out the vote,ACRONYM,,,,,,18+,united states,,,,,,,,,,,,,,,,,,,,
dcc9d61c9b934823649beb3b1ccdccb790e491d1a895c0c9bee4058d8a873127,https://www.snap.com/political-ads/asset/6fa6953f13c2a7ff10d55c66d540a907ac38c6757103b044d4543fda8761b07b?mediaType=mp4,USD,273,5476,2019/06/27 15:00:00Z,2019/07/30 05:59:59Z,Arena Online,"1780 Sequoia Vista Cir,Salt Lake City,84104,US",,One Nation,,,,,,,united states,Florida,,,,,,,,,,,,,,Provided by Advertiser,,,,,
c43e96d9d873aadc7a32702fb392460c34b11d84006594e2326d80de64eea4ed,https://www.snap.com/political-ads/asset/7a65566055b6e60c5d7455af1f1f900e240813948cdb6656c77f3669f32b7cda?mediaType=png,USD,69,8091,2019/09/19 17:56:37Z,,UnRestrict Minnesota,"200 University Ave W #200,St. Paul,55103,US",,UnRestrict Minnesota,,,,,,18+,united states,Minnesota,,,,,,,,,,,,,,,,,,,
b282c629d4c4b2090518a7c7baaeb7c431ea9f038d8990c78e1c3c9000fb6e8f,https://www.snap.com/political-ads/asset/5a4c9e1e3e1f703ff6236a6df2685fa48d38c759527b6b37c84d72fc660fc8e6?mediaType=mp4,USD,5000,11353,2019/08/23 12:55:00Z,2019/09/30 21:59:59Z,Red Media AS,"Pilestredet 27,OSLO,0164,NO",,OBOS,,,,,,20+,norway,,,,,,,,,,,,,,,Provided by Advertiser,,,,,
239f5d9951847082c05c0a2cccd7655540608cbe596946d349b431a2dde634d9,https://www.snap.com/political-ads/asset/36aaef75a15616368f97f41b503488f5cad57b5583990d97b1adb1dd451b71ed?mediaType=png,USD,511,100117,2019/09/19 17:56:37Z,,UnRestrict Minnesota,"200 University Ave W #200,St. Paul,55103,US",,UnRestrict Minnesota,,,,,,18+,united states,Minnesota,,,,,,,,,,,,"Green Living Enthusiasts,Hipsters & Trendsetters,Political News Watchers,Wellness & Healthy Lifestyle,Eco-Conscious Shoppers,TV Network Viewers (BBC America),TV Network Viewers (CNN),TV Network Viewers (Comedy Central),TV Network Viewers (MSNBC)",,Provided by Advertiser,,,,,
0a55654cb53708001015f0b48f11f2cd6340326f0ad19ad210574111e1a09307,https://www.snap.com/political-ads/asset/efbbff705d8826c0dd45a09f25841f9fb3d1617fe8bd066cdc252247becf90c4?mediaType=mp4,GBP,195,38,2019/08/21 05:00:00Z,2019/09/16 21:59:00Z,NHO,"Postboks 5250, Majorstuen,Oslo,0303,NO",,Næringslivets Hovedorganisasjon,,,,,FEMALE,18-30,norway,,,,,"latitude 59.91111;longitude 10.75278;radius 30.0,latitude 63.44;longitude 10.4;radius 7.26,latitude 69.65;longitude 18.96;radius 8.35,latitude 60.3925;longitude 5.32333;radius 6.89,latitude 58.97;longitude 5.71;radius 6.89",,,,,,,,,,Provided by Advertiser,,,,,
52f88ddc008ee2e88b8c6d2bf5647cd898e65f582f75bfdd0a38ea01d4896b50,https://www.snap.com/political-ads/asset/925cff6080b416cf52c7593fca5e0d965ce17b0c775d35d2e90bb5f71d2469bf?mediaType=png,USD,18,893,2019/02/15 14:18:38Z,2019/02/27 00:00:00Z,Central States Media,"2006 W Altorfer Dr,Peoria,61615,US",,Friends of Sid Ruckriegel,,,,,,25+,united states,,,,,,,,,"61603,61607,61630,61637,61650,61654,61612,61616,61633,61638,61651,61655,61601,61605,61613,61625,61634,61639,61652,61656,61602,61606,61629,61636,61643,61653",,,,,,Provided by Advertiser,,,,,
0756c617cfdabd9886ca3a626d86db8b9b68b8fad586fd3ef28538d134c0728c,https://www.snap.com/political-ads/asset/c03ac8aa67af272eddc697e320c42275dea6551f5dcd2bf36bd6e8b031921ea6?mediaType=png,USD,20,1603,2019/08/19 06:00:00Z,2019/08/31 21:59:59Z,Red Media AS,"Pilestredet 27,OSLO,0164,NO",,OBOS,,,,,,20+,norway,,,,,,,,,,,,,,,Provided by Advertiser,,,,,
c8956c1ec70ad2642ad0a9ffadf1bcf44db6c901fad1d07f7d61541a580c2f70,https://www.snap.com/political-ads/asset/1aaed2599ab74056acb2063b87bfa322e3a8074e24631bcc07fc34bc4c625886?mediaType=png,USD,82,29816,2019/05/24 04:00:06Z,2019/06/25 01:40:55Z,Southern Environmental Law Center,US,,SELC,,,,,,,united states,"South Carolina,North Carolina,Georgia,Virginia",,,,,,,,,,,,"Advocates & Activists,Green Living Enthusiasts,Outdoor & Nature Enthusiasts,Philanthropists,Eco-Conscious Shoppers,Home Movie Viewers (Documentary),TV Network Viewers (MSNBC),plc_418,plc_423",,Provided by Advertiser,,,,,
bbeccb0de133a68a123aae2f313ecdcd856d44d9ca180796a802a90fb6b42f73,https://www.snap.com/political-ads/asset/37d5abca14646c9f66350efa374bf1a04b07f900379e39e3334087dcac618dc3?mediaType=png,USD,212,30372,2019/09/19 17:56:37Z,,UnRestrict Minnesota,"200 University Ave W #200,St. Paul,55103,US",,UnRestrict Minnesota,,,,,,18+,united states,Minnesota,,,,,,,,,,,,,,,,,,,
fb11c283fd31f179b9b3f7308cad061fae78be77ada340ffb97a49920fd3b18c,https://www.snap.com/political-ads/asset/d6dba9e188797c1e47c9be5d6ecadc8d25825ccc57ac96faed001b6ff1d08fb0?mediaType=png,USD,196,13974,2019/05/18 22:00:00Z,2019/05/20 03:50:00Z,Assembly," 711 3rd Ave, New York, NY 10017,new york city,10017,US",,FX,,,,,,,united states,,,,,latitude 40.7807815;longitude -73.974043;radius 8.0,,,,,,,,,,Provided by Advertiser,,,,,
b215176be4e4f4275e2367795ff4c2ceadfd19ab7630138b51f65c26d838cfbe,https://www.snap.com/political-ads/asset/8035d2251d238074a883fb79abad02741922fc095db7f8440d89b5c17d287945?mediaType=mp4,USD,1260,18666,2019/03/14 11:48:54Z,2019/03/30 20:59:59Z,Goodroll Dijital Video Reklam Pazarlama Tic. A.Ş.,"Emniyetevler Mah. Yamaç Sok. No:6 Kat:2,İstanbul/Kağıthane,34415,TR",,Ak Parti,,,,,,,turkey,Ankara,,,,,,,,,,,,,,Provided by Advertiser,,,,,
b3972193fd6adbc51ba28f1d4196f07d654ef9afcd5bd18efbed67fbbe8607c2,https://www.snap.com/political-ads/asset/080c72f68582927ba8f8cce1422c6ea037b61769f0bdabb0e58e0926125509cb?mediaType=png,USD,40,4401,2019/08/19 06:00:00Z,2019/08/31 21:59:59Z,Red Media AS,"Pilestredet 27,OSLO,0164,NO",,OBOS,,,,,,20+,norway,,,,,,,,,,,,,,,Provided by Advertiser,,,,,
7fc67339f886d41b5d3e407bcdd549ed1d0986a6a68587f9cbb1163430fda1e4,https://www.snap.com/political-ads/asset/eb23ec90d130358b2b23e7aff85ba3887ab0e64ebe4b39c0732d316bb29efdfd?mediaType=png,USD,4,45,2019/08/17 00:00:00Z,2019/08/18 04:00:01Z,Cathcart for Spokane,"PO Box 28,Spokane,99210,US",,Cathcart for Spokane,,,,,,17+,united states,,,,,latitude 47.6614535;longitude -117.420012;radius 0.5,,,,,,,,,,Provided by Advertiser,,,,,
0557c14a940d177f0af9d35dadaf05cfdd15d6d8dd7cb2e89d79e8c06d46273a,https://www.snap.com/political-ads/asset/b52b460077aa59d50fb21f31591ae9b5fc2b3f5ac2e9ff57bb66711235e40d32?mediaType=png,USD,427,6307,2019/05/07 21:59:59Z,2019/05/08 15:59:59Z,Ad Dynamo,"The Clock Tower, Waterfront, Cape Town, 8001, South Africa,Cape Town,8001,ZA",,IEC South Africa,,,,,,18+,south africa,,,,,,,,,,,,,,,Provided by Advertiser,,,,,
3bce259b23d1af5d62a9b3a1470a45f5ee2b801ef802c27b5a3e97d408ac680e,https://www.snap.com/political-ads/asset/9b9924ca9f0f0242cc898fb74bc0cb0479348c95ea8d645feeb8923b0904fe70?mediaType=png,USD,51,6205,2019/10/29 18:50:29Z,,UnRestrict Minnesota,"200 University Ave W #200,St. Paul,55103,US",,UnRestrict Minnesota,,,,,,18+,united states,,,,,latitude 44.9536175;longitude -93.10301799999999;radius 1.0,,,,,,,,,,Provided by Advertiser,,,,,
d93b0f2fe535244e60454b41a272136082abf1a5012970be05102c9645fb9d18,https://www.snap.com/political-ads/asset/ea94b956bf449310a57ef0406d09785b4267b8921d20446bd0cb86cff37549fc?mediaType=png,USD,131,26006,2019/09/19 17:56:37Z,,UnRestrict Minnesota,"200 University Ave W #200,St. Paul,55103,US",,UnRestrict Minnesota,,,,,,18+,united states,Minnesota,,,,,,,,,,,,,,,,,,,
4ddb9c5f53565891746d6f279bcc87d1d9d79fa0baa96d280b7ccf88e01e6814,https://www.snap.com/political-ads/asset/b0996f0c1c9163c8b5e122a6dab0a7677a390ea70dd94739776377e0b26daf00?mediaType=png,EUR,226,299790,2019/07/14 07:00:16Z,2019/07/15 06:59:16Z,Dentsu Aegis Network France,"67 Av. de Wagram,Paris,75017,FR",,Carat France,,,,,,18+,france,,,,,,,,,,,,,,,Provided by Advertiser,,,,,
34136a89b1f188c7148c82dddd6d304e5db31ff4ed38f1bdb33a3f7955a5e2fd,https://www.snap.com/political-ads/asset/785e6cd18487ecb81427a48d530790c701791ef9ed9ff4cd0e0b60a6fd71229d?mediaType=png,USD,56,11692,2019/05/24 04:00:06Z,2019/06/25 01:40:55Z,Southern Environmental Law Center,US,,SELC,,,,,,,united states,"South Carolina,North Carolina,Georgia,Virginia",,,,,,,,,,,,"Advocates & Activists,Green Living Enthusiasts,Outdoor & Nature Enthusiasts,Philanthropists,Eco-Conscious Shoppers,Home Movie Viewers (Documentary),TV Network Viewers (MSNBC),plc_418,plc_423",,Provided by Advertiser,,,,,
796636cda20d9ed2db506d9db06cd8383e5ee64480eb1ae8de8b681af8f329fd,https://www.snap.com/political-ads/asset/c43ee374c235e4f9719e66312525e8c832d5bc45ca9a4790d6ddb089b5699c0b?mediaType=png,USD,118,10,2019/11/05 05:00:00Z,2019/11/05 23:00:00Z,ACRONYM,US,Get out the vote,ACRONYM,,,,,,18+,united states,,,,,,,,,,,,,,,,,,,,
c2adf79b070e7514260a220baa3a7cc42d38d183c5cd4e4d5cdc0f4fb0f55e5c,https://www.snap.com/political-ads/asset/7288fc6f170a2457cb9dd34b26a53f57b8d06e15524d0e7288f9d6fa4e25e276?mediaType=png,USD,2436,183065,2019/09/02 20:04:33Z,2019/09/09 16:27:33Z,Venstre,NO,,Venstre,,,,,,18-28,norway,,,,,,,,,,,,,,,Provided by Advertiser,"nb,en",,,,
